<?xml version="1.0" encoding="utf-8" ?>
<Defs>
	<!-- ================================ Droid Base ====================== -->
	<ThingDef ParentName="BuildingBase" Name="RM_DroidBase" Abstract="True">
		<thingClass>VFE.Mechanoids.Buildings.Building_BedMachine</thingClass>
		<graphicData>
			<shadowData>
				<volume>(0.5,0.3,0.7)</volume>
				<offset>(0,0,-0.15)</offset>
			</shadowData>
			<damageData>
				<rect>(0.234375,0,0.515625,0.984375)</rect>
				<cornerTL>Damage/Corner</cornerTL>
				<cornerTR>Damage/Corner</cornerTR>
				<cornerBL>Damage/Corner</cornerBL>
				<cornerBR>Damage/Corner</cornerBR>
			</damageData>
		</graphicData>
		<altitudeLayer>FloorEmplacement</altitudeLayer>
		<passability>Standable</passability>
		<blockWind>false</blockWind>
		<rotatable>false</rotatable>
		<fillPercent>0.1</fillPercent>
		<thingCategories>
			<li>BuildingsSpecial</li>
		</thingCategories>
		<tickerType>Rare</tickerType>
		<statBases>
			<Mass>6</Mass>
			<Flammability>0.5</Flammability>
		</statBases>
		<building>
			<destroySound>BuildingDestroyed_Metal_Small</destroySound>
			<bed_humanlike>false</bed_humanlike>
			<bed_showSleeperBody>True</bed_showSleeperBody>
			<sowTag>SupportPlantsOnly</sowTag>
			<canPlaceOverImpassablePlant>false</canPlaceOverImpassablePlant>
			<ai_chillDestination>false</ai_chillDestination>
			<artificialForMeditationPurposes>false</artificialForMeditationPurposes>
		</building>
		<terrainAffordanceNeeded>Light</terrainAffordanceNeeded>
		<minifiedDef>MinifiedThing</minifiedDef>
		<tradeability>Sellable</tradeability>
	</ThingDef>

	<!--============================= Buffer Mechanoid ================================-->
	<ThingDef ParentName="RM_DroidBase">
		<defName>RM_Droid_BufferBase</defName>
		<label>buffer droid charging station</label>
		<description>A station for assembling and recharging spacer guardian combat mechanoids.</description>
		<graphicData>
			<texPath>Things/Building/Automation/SecurityDroidBase</texPath>
			<graphicClass>Graphic_Single</graphicClass>
		</graphicData>
		<statBases>
			<WorkToBuild>2200</WorkToBuild>
			<MarketValue>1800</MarketValue>
			<MaxHitPoints>200</MaxHitPoints>
		</statBases>
		<costList>
			<Plasteel>35</Plasteel>
			<ComponentSpacer>2</ComponentSpacer>
			<VFE_ComponentMechanoid MayRequire="OskarPotocki.VFE.Mechanoid">1</VFE_ComponentMechanoid>
		</costList>
		<designationCategory>Security</designationCategory>
		<researchPrerequisites>
			<li>Fabrication</li>
			<li MayRequire="OskarPotocki.VFE.Mechanoid">VFE_AutomatedDefensiveMeasures</li>
		</researchPrerequisites>
		<constructionSkillPrerequisite>6</constructionSkillPrerequisite>
		<comps>
			<li Class="CompProperties_Power">
				<compClass>CompPowerTrader</compClass>
				<basePowerConsumption>450</basePowerConsumption>
			</li>
			<li Class="VFE.Mechanoids.CompProperties_MachineChargingStation">
				<pawnToSpawn>RM_Droid_Buffer</pawnToSpawn>
				<extraChargingPower>1800</extraChargingPower>
				<hoursToRecharge>24</hoursToRecharge>
			</li>
			<li Class="CompProperties_Flickable"/>
		</comps>
	</ThingDef>
	<!--============================= Spartan Droid ================================-->
	<ThingDef ParentName="RM_DroidBase">
		<defName>RM_Droid_SpartanBase</defName>
		<label>spartan droid charging station</label>
		<description>A station for assembling and recharging spacer spartan combat mechanoids.</description>
		<graphicData>
			<texPath>Things/Building/Automation/SpartanDroidBase</texPath>
			<graphicClass>Graphic_Single</graphicClass>
		</graphicData>
		<statBases>
			<WorkToBuild>5000</WorkToBuild>
			<MarketValue>3000</MarketValue>
			<MaxHitPoints>250</MaxHitPoints>
		</statBases>
		<costList>
			<Plasteel>50</Plasteel>
			<ComponentSpacer>4</ComponentSpacer>
			<VFE_ComponentMechanoid MayRequire="OskarPotocki.VFE.Mechanoid">1</VFE_ComponentMechanoid>
		</costList>
		<designationCategory>Security</designationCategory>
		<researchPrerequisites>
			<li>RG_AdvancedAutomatedDefensiveMeasures</li>
		</researchPrerequisites>
		<constructionSkillPrerequisite>12</constructionSkillPrerequisite>
		<comps>
			<li Class="CompProperties_Power">
				<compClass>CompPowerTrader</compClass>
				<basePowerConsumption>850</basePowerConsumption>
			</li>
			<li Class="VFE.Mechanoids.CompProperties_MachineChargingStation">
				<pawnToSpawn>RM_Droid_Spartan</pawnToSpawn>
				<extraChargingPower>2500</extraChargingPower>
				<hoursToRecharge>24</hoursToRecharge>
			</li>
			<li Class="CompProperties_Flickable"/>
		</comps>
	</ThingDef>
</Defs>