<?xml version="1.0" encoding="utf-8" ?>
<Defs>
	<!--======== Mechanoid Harpy Skyfaller ========-->
	<ThingDef ParentName="PawnFlyerBase">
		<defName>RM_JumpPawn</defName>
		<thingClass>ReinforcedMechanoids.PawnFlyer_Jump</thingClass>
		<pawnFlyer>
			<flightDurationMin>0.5</flightDurationMin>
			<flightSpeed>12</flightSpeed>
		</pawnFlyer>
	</ThingDef>
	<!--======== Mechanoid Harpy Skyfaller Effect ========-->
	<EffecterDef>
		<defName>RM_JumpPawnEffect</defName>
		<children>
			<li>
				<subEffecterClass>SubEffecter_SoundTriggered</subEffecterClass>
				<spawnLocType>OnSource</spawnLocType>
				<soundDef>RM_SkimmerPackLaunch</soundDef>
			</li>
			<li>
				<subEffecterClass>SubEffecter_SprayerTriggered</subEffecterClass>
				<spawnLocType>OnSource</spawnLocType>
				<fleckDef>ShotFlash</fleckDef>
				<scale>6</scale>
			</li>
			<li>
				<subEffecterClass>SubEffecter_SprayerContinuous</subEffecterClass>
				<scale>0.5~0.6</scale>
				<spawnLocType>OnSource</spawnLocType>
				<positionOffset>(0,0,-0.5)</positionOffset>
				<fleckDef>RM_JumpFlame</fleckDef>
				<ticksBetweenMotes>1</ticksBetweenMotes>
				<maxMoteCount>14</maxMoteCount>
				<speed>4~5</speed>
				<angle>170~190</angle>
				<absoluteAngle>true</absoluteAngle>
			</li>
			<li>
				<subEffecterClass>SubEffecter_SprayerContinuous</subEffecterClass>
				<scale>0.9~0.7</scale>
				<spawnLocType>OnSource</spawnLocType>
				<positionOffset>(0,0,-0.5)</positionOffset>
				<fleckDef>RM_JumpFlameGlow</fleckDef>
				<ticksBetweenMotes>1</ticksBetweenMotes>
				<maxMoteCount>14</maxMoteCount>
				<speed>4~5</speed>
				<angle>160~200</angle>
				<absoluteAngle>true</absoluteAngle>
			</li>
			<li>
				<subEffecterClass>SubEffecter_SprayerContinuous</subEffecterClass>
				<scale>0.8~1.2</scale>
				<spawnLocType>OnSource</spawnLocType>
				<positionOffset>(0,0,-0.5)</positionOffset>
				<fleckDef>RM_JumpSmoke</fleckDef>
				<ticksBetweenMotes>2</ticksBetweenMotes>
				<maxMoteCount>8</maxMoteCount>
				<speed>5~6</speed>
				<angle>170~190</angle>
				<absoluteAngle>true</absoluteAngle>
			</li>
		</children>
	</EffecterDef>
	<!--======== Mechanoid Harpy Fleck #1	========-->
	<FleckDef ParentName="FleckBase_Thrown">
		<defName>RM_JumpFlame</defName>
		<graphicData>
			<texPath>Things/Mote/JumpFlame</texPath>
			<shaderType>TransparentPostLight</shaderType>
			<renderInstanced>true</renderInstanced>
		</graphicData>
		<altitudeLayer>Projectile</altitudeLayer>
		<solidTime>0.2</solidTime>
		<fadeOutTime>0.05</fadeOutTime>
		<growthRate>-4</growthRate>
	</FleckDef>
	<!--======== Mechanoid Harpy Fleck #2	========-->
	<FleckDef ParentName="FleckBase_Thrown">
		<defName>RM_JumpFlameGlow</defName>
		<graphicData>
			<texPath>Things/Mote/JumpFlame</texPath>
			<shaderType>MoteGlow</shaderType>
			<color>(1,0.6,0.6,0.3)</color>
		</graphicData>
		<altitudeLayer>Projectile</altitudeLayer>
		<solidTime>0</solidTime>
		<fadeOutTime>0.3</fadeOutTime>
		<growthRate>-3</growthRate>
	</FleckDef>
	<!--======== Mechanoid Harpy Fleck #3	========-->
	<FleckDef ParentName="FleckBase_Thrown">
		<defName>RM_JumpSmoke</defName>
		<graphicData>
			<texPath>Things/Mote/Smoke</texPath>
		</graphicData>
		<altitudeLayer>Projectile</altitudeLayer>
		<solidTime>0.2</solidTime>
		<fadeOutTime>0.2</fadeOutTime>
		<growthRate>1.2</growthRate>
	</FleckDef>
</Defs>