﻿<?xml version="1.0" encoding="utf-8"?>
<Defs>
	<!-- ================================ Mechanoid Needler ====================== -->
	<SoundDef>
		<defName>RM_Explosion_Shard</defName>
		<context>MapOnly</context>
		<maxSimultaneous>1</maxSimultaneous>
		<subSounds>
			<li>
				<grains>
					<li Class="AudioGrain_Clip">
						<clipPath>Weapon/Artillery/Needler_Supercombine</clipPath>
					</li>
				</grains>
				<volumeRange>80~80</volumeRange>
				<pitchRange>0.8516304~1.254348</pitchRange>
			</li>
		</subSounds>
	</SoundDef>
</Defs>