<?xml version="1.0" encoding="utf-8" ?>
<Defs>
	<!-- ================================ Vanilla Mechanoids ====================== -->
	<!-- ================================ Mechanoid Vulture ====================== -->
	<PawnKindDef ParentName="BaseMechanoidKind" Name="RM_Pawn_Vulture">
		<defName>RM_Mech_Vulture</defName>
		<label>vulture</label>
		<race>RM_Mech_Vulture</race>
		<combatPower>50</combatPower>
		<isFighter>false</isFighter>
		<controlGroupPortraitZoom MayRequire="Ludeon.Rimworld.Biotech">1.8</controlGroupPortraitZoom>
		<lifeStages>
			<li MayRequire="Ludeon.Rimworld.Biotech">
				<bodyGraphicData>
					<texPath>Things/Pawn/Mechanoid/Mech_Vulture/Mech_VultureClean</texPath>
					<maskPath>Things/Pawn/Mechanoid/AllegianceOverlays/Mech_Vulture</maskPath>
					<shaderType>CutoutWithOverlay</shaderType>
					<graphicClass>Graphic_Multi</graphicClass>
					<drawSize>1.0</drawSize>
					<shadowData>
						<volume>(0.4, 0.8, 0.4)</volume>
					</shadowData>
				</bodyGraphicData>
			</li>
			<li>
				<bodyGraphicData>
					<texPath>Things/Pawn/Mechanoid/Mech_Vulture/Mech_Vulture</texPath>
					<maskPath>Things/Pawn/Mechanoid/AllegianceOverlays/Mech_Vulture</maskPath>
					<shaderType>CutoutWithOverlay</shaderType>
					<graphicClass>Graphic_Multi</graphicClass>
					<drawSize>1.0</drawSize>
					<shadowData>
						<volume>(0.4, 0.8, 0.4)</volume>
					</shadowData>
				</bodyGraphicData>
			</li>
		</lifeStages>
		<weaponMoney>0</weaponMoney>
		<weaponTags inherit="False"/>
	</PawnKindDef>
	<!-- ================================ Mechanoid Caretaker ====================== -->
	<PawnKindDef ParentName="BaseMechanoidKind" Name="RM_Pawn_Caretaker">
		<defName>RM_Mech_Caretaker</defName>
		<label>caretaker</label>
		<race>RM_Mech_Caretaker</race>
		<combatPower>400</combatPower>
		<maxPerGroup MayRequire="Ludeon.Rimworld.Biotech">1</maxPerGroup>
		<controlGroupPortraitZoom MayRequire="Ludeon.Rimworld.Biotech">0.48</controlGroupPortraitZoom>
		<lifeStages>
			<li MayRequire="Ludeon.Rimworld.Biotech">
				<bodyGraphicData>
					<texPath>Things/Pawn/Mechanoid/Mech_Caretaker/Mech_CaretakerClean</texPath>
					<maskPath>Things/Pawn/Mechanoid/AllegianceOverlays/Mech_Caretaker</maskPath>
					<shaderType>CutoutWithOverlay</shaderType>
					<graphicClass>Graphic_Multi</graphicClass>
					<drawSize>4.0</drawSize>
					<shadowData>
						<volume>(0.4, 0.8, 0.4)</volume>
					</shadowData>
				</bodyGraphicData>
			</li>
			<li>
				<bodyGraphicData>
					<texPath>Things/Pawn/Mechanoid/Mech_Caretaker/Mech_Caretaker</texPath>
					<maskPath>Things/Pawn/Mechanoid/AllegianceOverlays/Mech_Caretaker</maskPath>
					<shaderType>CutoutWithOverlay</shaderType>
					<graphicClass>Graphic_Multi</graphicClass>
					<drawSize>4.0</drawSize>
					<shadowData>
						<volume>(0.4, 0.8, 0.4)</volume>
					</shadowData>
				</bodyGraphicData>
			</li>
		</lifeStages>
		<weaponMoney>0~0</weaponMoney>
		<defendPointRadius>0</defendPointRadius>
		<weaponTags/>
	</PawnKindDef>
	<!-- ================================ Tyrikan Mechanoids ====================== -->
	<!-- ================================ Mechanoid Falcon ====================== -->
	<PawnKindDef ParentName="BaseMechanoidKind">
		<defName>RM_Mech_Falcon</defName>
		<label>falcon</label>
		<race>RM_Mech_Falcon</race>
		<combatPower>60</combatPower>
		<controlGroupPortraitZoom MayRequire="Ludeon.Rimworld.Biotech">1.8</controlGroupPortraitZoom>
		<lifeStages>
			<li MayRequire="Ludeon.Rimworld.Biotech">
				<bodyGraphicData>
					<texPath>Things/Pawn/Mechanoid/Mech_Falcon/Mech_FalconClean</texPath>
					<maskPath>Things/Pawn/Mechanoid/AllegianceOverlays/Mech_Falcon</maskPath>
					<shaderType>CutoutWithOverlay</shaderType>
					<graphicClass>Graphic_Multi</graphicClass>
					<drawSize>1.2</drawSize>
					<shadowData>
						<volume>(0.4, 0.8, 0.4)</volume>
					</shadowData>
				</bodyGraphicData>
			</li>
			<li>
				<bodyGraphicData>
					<texPath>Things/Pawn/Mechanoid/Mech_Falcon/Mech_Falcon</texPath>
					<maskPath>Things/Pawn/Mechanoid/AllegianceOverlays/Mech_Falcon</maskPath>
					<shaderType>CutoutWithOverlay</shaderType>
					<graphicClass>Graphic_Multi</graphicClass>
					<drawSize>1.2</drawSize>
					<shadowData>
						<volume>(0.4, 0.8, 0.4)</volume>
					</shadowData>
				</bodyGraphicData>
			</li>
		</lifeStages>
		<defaultFactionType Inherit="False">RM_Remnants</defaultFactionType>
		<weaponMoney>9999~9999</weaponMoney>
		<weaponTags>
			<li>MechanoidGunSmall</li>
		</weaponTags>
		<aiAvoidCover>false</aiAvoidCover>
	</PawnKindDef>
	<!-- ================================ Mechanoid Gremlin ====================== -->
	<PawnKindDef ParentName="BaseMechanoidKind">
		<defName>RM_Mech_Gremlin</defName>
		<label>gremlin</label>
		<race>RM_Mech_Gremlin</race>
		<combatPower>85</combatPower>
		<controlGroupPortraitZoom MayRequire="Ludeon.Rimworld.Biotech">1.6</controlGroupPortraitZoom>
		<lifeStages>
			<li MayRequire="Ludeon.Rimworld.Biotech">
				<bodyGraphicData>
					<texPath>Things/Pawn/Mechanoid/Mech_Gremlin/Mech_GremlinClean</texPath>
					<maskPath>Things/Pawn/Mechanoid/AllegianceOverlays/Mech_Gremlin</maskPath>
					<shaderType>CutoutWithOverlay</shaderType>
					<graphicClass>Graphic_Multi</graphicClass>
					<drawSize>1.2</drawSize>
					<shadowData>
						<volume>(0.4, 0.8, 0.4)</volume>
					</shadowData>
				</bodyGraphicData>
			</li>
			<li>
				<bodyGraphicData>
					<texPath>Things/Pawn/Mechanoid/Mech_Gremlin/Mech_Gremlin</texPath>
					<maskPath>Things/Pawn/Mechanoid/AllegianceOverlays/Mech_Gremlin</maskPath>
					<shaderType>CutoutWithOverlay</shaderType>
					<graphicClass>Graphic_Multi</graphicClass>
					<drawSize>1.2</drawSize>
					<shadowData>
						<volume>(0.4, 0.8, 0.4)</volume>
					</shadowData>
				</bodyGraphicData>
			</li>
		</lifeStages>
		<defaultFactionType Inherit="False">RM_Remnants</defaultFactionType>
		<weaponMoney>9999~9999</weaponMoney>
		<weaponTags>
			<li>MechanoidGunSmall</li>
		</weaponTags>
	</PawnKindDef>
	<!-- ================================ Mechanoid Harpy ====================== -->
	<PawnKindDef ParentName="BaseMechanoidKind">
		<defName>RM_Mech_Harpy</defName>
		<label>harpy</label>
		<labelPlural>harpies</labelPlural>
		<race>RM_Mech_Harpy</race>
		<combatPower>85</combatPower>
		<controlGroupPortraitZoom MayRequire="Ludeon.Rimworld.Biotech">1.6</controlGroupPortraitZoom>
		<lifeStages>
			<li MayRequire="Ludeon.Rimworld.Biotech">
				<bodyGraphicData>
					<texPath>Things/Pawn/Mechanoid/Mech_Harpy/Mech_HarpyClean</texPath>
					<maskPath>Things/Pawn/Mechanoid/AllegianceOverlays/Mech_Harpy</maskPath>
					<shaderType>CutoutWithOverlay</shaderType>
					<graphicClass>Graphic_Multi</graphicClass>
					<drawSize>1.2</drawSize>
					<shadowData>
						<volume>(0.4, 0.8, 0.4)</volume>
					</shadowData>
				</bodyGraphicData>
			</li>
			<li>
				<bodyGraphicData>
					<texPath>Things/Pawn/Mechanoid/Mech_Harpy/Mech_Harpy</texPath>
					<maskPath>Things/Pawn/Mechanoid/AllegianceOverlays/Mech_Harpy</maskPath>
					<shaderType>CutoutWithOverlay</shaderType>
					<graphicClass>Graphic_Multi</graphicClass>
					<drawSize>1.4</drawSize>
					<shadowData>
						<volume>(0.4, 0.8, 0.4)</volume>
					</shadowData>
				</bodyGraphicData>
			</li>
		</lifeStages>
		<defaultFactionType Inherit="False">RM_Remnants</defaultFactionType>
		<weaponMoney>9999~9999</weaponMoney>
		<weaponTags>
			<li>MechanoidGunSmall</li>
		</weaponTags>
	</PawnKindDef>
	<!-- ================================ Mechanoid Ranger ====================== -->
	<PawnKindDef ParentName="BaseMechanoidKind">
		<defName>RM_Mech_Ranger</defName>
		<label>ranger</label>
		<race>RM_Mech_Ranger</race>
		<combatPower>120</combatPower>
		<lifeStages>
			<li MayRequire="Ludeon.Rimworld.Biotech">
				<bodyGraphicData>
					<texPath>Things/Pawn/Mechanoid/Mech_Ranger/Mech_RangerClean</texPath>
					<maskPath>Things/Pawn/Mechanoid/AllegianceOverlays/Mech_Ranger</maskPath>
					<shaderType>CutoutWithOverlay</shaderType>
					<graphicClass>Graphic_Multi</graphicClass>
					<drawSize>1.4</drawSize>
					<shadowData>
						<volume>(0.4, 0.8, 0.4)</volume>
					</shadowData>
				</bodyGraphicData>
			</li>
			<li>
				<bodyGraphicData>
					<texPath>Things/Pawn/Mechanoid/Mech_Ranger/Mech_Ranger</texPath>
					<maskPath>Things/Pawn/Mechanoid/AllegianceOverlays/Mech_Ranger</maskPath>
					<shaderType>CutoutWithOverlay</shaderType>
					<graphicClass>Graphic_Multi</graphicClass>
					<drawSize>1.4</drawSize>
					<shadowData>
						<volume>(0.4, 0.8, 0.4)</volume>
					</shadowData>
				</bodyGraphicData>
			</li>
		</lifeStages>
		<defaultFactionType Inherit="False">RM_Remnants</defaultFactionType>
		<weaponMoney>9999~9999</weaponMoney>
		<weaponTags>
			<li>MechanoidGunMedium</li>
		</weaponTags>
		<aiAvoidCover>false</aiAvoidCover>
	</PawnKindDef>
	<!-- ================================ Mechanoid Zealot ====================== -->
	<PawnKindDef ParentName="BaseMechanoidKind" Name="RM_Pawn_Zealot">
		<defName>RM_Mech_Zealot</defName>
		<label>zealot</label>
		<race>RM_Mech_Zealot</race>
		<combatPower>175</combatPower>
		<lifeStages>
			<li MayRequire="Ludeon.Rimworld.Biotech">
				<bodyGraphicData>
					<texPath>Things/Pawn/Mechanoid/Mech_Zealot/Mech_ZealotClean</texPath>
					<maskPath>Things/Pawn/Mechanoid/AllegianceOverlays/Mech_Zealot</maskPath>
					<shaderType>CutoutWithOverlay</shaderType>
					<graphicClass>Graphic_Multi</graphicClass>
					<drawSize>1.6</drawSize>
					<shadowData>
						<volume>(0.4, 0.8, 0.4)</volume>
					</shadowData>
				</bodyGraphicData>
			</li>
			<li>
				<bodyGraphicData>
					<texPath>Things/Pawn/Mechanoid/Mech_Zealot/Mech_Zealot</texPath>
					<maskPath>Things/Pawn/Mechanoid/AllegianceOverlays/Mech_Zealot</maskPath>
					<shaderType>CutoutWithOverlay</shaderType>
					<graphicClass>Graphic_Multi</graphicClass>
					<drawSize>1.6</drawSize>
					<shadowData>
						<volume>(0.4, 0.8, 0.4)</volume>
					</shadowData>
				</bodyGraphicData>
			</li>
		</lifeStages>
		<defaultFactionType Inherit="False">RM_Remnants</defaultFactionType>
		<weaponMoney>9999~9999</weaponMoney>
		<weaponTags>
			<li>MechanoidGunMedium</li>
			<li>MechanoidPlasmaSword</li>
		</weaponTags>
	</PawnKindDef>
	<!-- ================================ Mechanoid Marshal ====================== -->
	<PawnKindDef ParentName="BaseMechanoidKind">
		<defName>RM_Mech_Marshal</defName>
		<label>marshal</label>
		<race>RM_Mech_Marshal</race>
		<combatPower>200</combatPower>
		<lifeStages>
			<li MayRequire="Ludeon.Rimworld.Biotech">
				<bodyGraphicData>
					<texPath>Things/Pawn/Mechanoid/Mech_Marshall/Mech_MarshallClean</texPath>
					<maskPath>Things/Pawn/Mechanoid/AllegianceOverlays/Mech_Marshall</maskPath>
					<shaderType>CutoutWithOverlay</shaderType>
					<graphicClass>Graphic_Multi</graphicClass>
					<drawSize>1.6</drawSize>
					<shadowData>
						<volume>(0.4, 0.8, 0.4)</volume>
					</shadowData>
				</bodyGraphicData>
			</li>
			<li>
				<bodyGraphicData>
					<texPath>Things/Pawn/Mechanoid/Mech_Marshall/Mech_Marshall</texPath>
					<maskPath>Things/Pawn/Mechanoid/AllegianceOverlays/Mech_Marshall</maskPath>
					<shaderType>CutoutWithOverlay</shaderType>
					<graphicClass>Graphic_Multi</graphicClass>
					<drawSize>1.6</drawSize>
					<shadowData>
						<volume>(0.4, 0.8, 0.4)</volume>
					</shadowData>
				</bodyGraphicData>
			</li>
		</lifeStages>
		<defaultFactionType Inherit="False">RM_Remnants</defaultFactionType>
		<weaponMoney>0~0</weaponMoney>
		<defendPointRadius>0</defendPointRadius>
		<weaponTags/>
	</PawnKindDef>
	<!-- ================================ Mechanoid Sentinel ====================== -->
	<PawnKindDef ParentName="BaseMechanoidKind" Name="RM_Pawn_Sentinel">
		<defName>RM_Mech_Sentinel</defName>
		<label>sentinel</label>
		<race>RM_Mech_Sentinel</race>
		<combatPower>400</combatPower>
		<controlGroupPortraitZoom MayRequire="Ludeon.Rimworld.Biotech">0.8</controlGroupPortraitZoom>
		<lifeStages>
			<li MayRequire="Ludeon.Rimworld.Biotech">
				<bodyGraphicData>
					<texPath>Things/Pawn/Mechanoid/Mech_Sentinel/Mech_SentinelClean</texPath>
					<maskPath>Things/Pawn/Mechanoid/AllegianceOverlays/Mech_Sentinel</maskPath>
					<shaderType>CutoutWithOverlay</shaderType>
					<graphicClass>Graphic_Multi</graphicClass>
					<drawSize>2.5</drawSize>
					<shadowData>
						<volume>(0.4, 0.8, 0.4)</volume>
					</shadowData>
				</bodyGraphicData>
			</li>
			<li>
				<bodyGraphicData>
					<texPath>Things/Pawn/Mechanoid/Mech_Sentinel/Mech_Sentinel</texPath>
					<maskPath>Things/Pawn/Mechanoid/AllegianceOverlays/Mech_Sentinel</maskPath>
					<shaderType>CutoutWithOverlay</shaderType>
					<graphicClass>Graphic_Multi</graphicClass>
					<drawSize>2.5</drawSize>
					<shadowData>
						<volume>(0.4, 0.8, 0.4)</volume>
					</shadowData>
				</bodyGraphicData>
			</li>
		</lifeStages>
		<defaultFactionType Inherit="False">RM_Remnants</defaultFactionType>
		<weaponMoney>9999~9999</weaponMoney>
		<weaponTags inherit="False">
			<li>MechanoidGunHeavy</li>
			<li>MechanoidGravitonMace</li>
		</weaponTags>
	</PawnKindDef>
	<!-- ================================ Mechanoid Behemoth ====================== -->
	<PawnKindDef ParentName="BaseMechanoidKind">
		<defName>RM_Mech_Behemoth</defName>
		<label>behemoth</label>
		<race>RM_Mech_Behemoth</race>
		<combatPower>500</combatPower>
		<controlGroupPortraitZoom MayRequire="Ludeon.Rimworld.Biotech">0.8</controlGroupPortraitZoom>
		<lifeStages>
			<li MayRequire="Ludeon.Rimworld.Biotech">
				<bodyGraphicData>
					<texPath>Things/Pawn/Mechanoid/Mech_Behemoth/Mech_BehemothClean</texPath>
					<maskPath>Things/Pawn/Mechanoid/AllegianceOverlays/Mech_Behemoth</maskPath>
					<shaderType>CutoutWithOverlay</shaderType>
					<graphicClass>Graphic_Multi</graphicClass>
					<drawSize>2.5</drawSize>
					<shadowData>
						<volume>(0.4, 0.8, 0.4)</volume>
					</shadowData>
				</bodyGraphicData>
			</li>
			<li>
				<bodyGraphicData>
					<texPath>Things/Pawn/Mechanoid/Mech_Behemoth/Mech_Behemoth</texPath>
					<maskPath>Things/Pawn/Mechanoid/AllegianceOverlays/Mech_Behemoth</maskPath>
					<shaderType>CutoutWithOverlay</shaderType>
					<graphicClass>Graphic_Multi</graphicClass>
					<drawSize>2.5</drawSize>
					<shadowData>
						<volume>(0.4, 0.8, 0.4)</volume>
					</shadowData>
				</bodyGraphicData>
			</li>
		</lifeStages>
		<defaultFactionType Inherit="False">RM_Remnants</defaultFactionType>
		<weaponMoney>9999~9999</weaponMoney>
		<weaponTags inherit="False">
			<li>MechanoidGunBehemoth</li>
		</weaponTags>
	</PawnKindDef>
	<!-- ================================ Mechanoid Wraith ====================== -->
	<PawnKindDef ParentName="BaseMechanoidKind">
		<defName>RM_Mech_WraithSiege</defName>
		<label>wraith</label>
		<race>RM_Mech_Wraith</race>
		<combatPower>550</combatPower>
		<maxPerGroup MayRequire="Ludeon.Rimworld.Biotech">2</maxPerGroup>
		<controlGroupPortraitZoom MayRequire="Ludeon.Rimworld.Biotech">0.48</controlGroupPortraitZoom>
		<lifeStages>
			<li MayRequire="Ludeon.Rimworld.Biotech">
				<bodyGraphicData>
					<texPath>Things/Pawn/Mechanoid/Mech_Wraith/Mech_WraithClean</texPath>
					<maskPath>Things/Pawn/Mechanoid/AllegianceOverlays/Mech_Wraith</maskPath>
					<shaderType>CutoutWithOverlay</shaderType>
					<graphicClass>Graphic_Multi</graphicClass>
					<drawSize>4.5</drawSize>
					<shadowData>
						<volume>(0.4, 0.8, 0.4)</volume>
					</shadowData>
				</bodyGraphicData>
			</li>
			<li>
				<bodyGraphicData>
					<texPath>Things/Pawn/Mechanoid/Mech_Wraith/Mech_Wraith</texPath>
					<maskPath>Things/Pawn/Mechanoid/AllegianceOverlays/Mech_Wraith</maskPath>
					<shaderType>CutoutWithOverlay</shaderType>
					<graphicClass>Graphic_Multi</graphicClass>
					<drawSize>4.5</drawSize>
					<shadowData>
						<volume>(0.4, 0.8, 0.4)</volume>
					</shadowData>
				</bodyGraphicData>
			</li>
		</lifeStages>
		<defaultFactionType Inherit="False">RM_Remnants</defaultFactionType>
		<weaponMoney>99999~99999</weaponMoney>
		<weaponTags inherit="False">
			<li>MechanoidGunWraithArtillery</li>
		</weaponTags>
	</PawnKindDef>
	<!-- ================================ Mechanoid Locust ====================== -->
	<PawnKindDef ParentName="BaseMechanoidKind">
		<defName>RM_Mech_Locust</defName>
		<label>locust</label>
		<race>RM_Mech_Locust</race>
		<combatPower>550</combatPower>
		<maxPerGroup MayRequire="Ludeon.Rimworld.Biotech">2</maxPerGroup>
		<controlGroupPortraitZoom MayRequire="Ludeon.Rimworld.Biotech">0.48</controlGroupPortraitZoom>
		<lifeStages>
			<li MayRequire="Ludeon.Rimworld.Biotech">
				<bodyGraphicData>
					<texPath>Things/Pawn/Mechanoid/Mech_Locust/Mech_LocustClean</texPath>
					<maskPath>Things/Pawn/Mechanoid/AllegianceOverlays/Mech_Locust</maskPath>
					<shaderType>CutoutWithOverlay</shaderType>
					<graphicClass>Graphic_Multi</graphicClass>
					<drawSize>4.0</drawSize>
					<shadowData>
						<volume>(0.4, 0.8, 0.4)</volume>
					</shadowData>
				</bodyGraphicData>
			</li>
			<li>
				<bodyGraphicData>
					<texPath>Things/Pawn/Mechanoid/Mech_Locust/Mech_Locust</texPath>
					<maskPath>Things/Pawn/Mechanoid/AllegianceOverlays/Mech_Locust</maskPath>
					<shaderType>CutoutWithOverlay</shaderType>
					<graphicClass>Graphic_Multi</graphicClass>
					<drawSize>4.0</drawSize>
					<shadowData>
						<volume>(0.4, 0.8, 0.4)</volume>
					</shadowData>
				</bodyGraphicData>
			</li>
		</lifeStages>
		<defaultFactionType Inherit="False">RM_Remnants</defaultFactionType>
		<weaponMoney>99999~99999</weaponMoney>
		<weaponTags Inherit="False">
			<li>MechanoidLaserLocust</li>
		</weaponTags>
	</PawnKindDef>
</Defs>